NO,TAHUN,URAIAN,PIHAK,STATUS_FINAL,SUMBER_KEPUTUSAN,PERLU_VERIFIKASI,PANJANG_TEKS,JUMLAH_KATA,KATEGORI,RISIKO_RULE
1,2021,"Pada tanggal 6 Januari 2021, dilaksanakan mediasi permasalahan hak sewa lahan bengkok di Desa Petahunan, Kec. Pekuncen.",Warga dengan Pemerintah Desa Petahunan,Belum Diketahui,"Data rekap 2021 (dari dokumen Data_konflik_2021_.xlsx, sheet AKSI, baris NO 1)",False,119,17,Warga/Masyarakat vs Pemerintah,Rendah
2,2020,"Pada tanggal 3 Januari 2020, Pedagang Pasar Patikraja menuntut pembongkaran jembatan yang ada di depan pasar karena menutupi akses jalan masuk tempat parkir; bangunan kios di atasnya tidak diberi atap sehingga air masuk ke kios.",Warga dengan Pemerintah Desa Patikraja,Belum Diketahui,"Data rekap 2020 (dari dokumen rekap_konflik_2020.docx, tabel Bakesbangpol)",False,228,35,Pedagang vs Pemerintah/Pengelola Pasar,Sedang
3,2020,"Pada tanggal 14 Januari 2020, mediasi pedagang sate Madura dengan paguyuban orang Madura terkait zonasi/etika sesama pedagang sate Madura.",Warga dengan Warga (Suku Madura dengan Suku Madura),Belum Diketahui,"Data rekap 2020 (dari dokumen rekap_konflik_2020.docx, tabel Bakesbangpol)",False,138,19,Pedagang vs Pemerintah/Pengelola Pasar,Rendah
4,2020,"Pada tanggal 13 Januari 2020, aksi/mediasi Ormas Sakti di depan PT. Pratama Finance terkait tuntutan debitur a.n. Kismas, alamat Desa Darmakradenan RT. 4/3 Kec. Ajibarang.",Ormas dengan Pengusaha,Belum Diketahui,"Data rekap 2020 (dari dokumen rekap_konflik_2020.docx, tabel Bakesbangpol)",False,171,25,Antar Ormas,Rendah
5,2020,"Pada tanggal 13 Januari 2020, aksi demo di PT. Cebong Kayu Indo Desa Tipar Kec. Ajibarang oleh karyawannya terkait kenaikan upah.",Karyawan dengan Pengusaha,Belum Diketahui,"Data rekap 2020 (dari dokumen rekap_konflik_2020.docx, tabel Bakesbangpol)",False,129,21,Warga/Masyarakat vs Pemerintah,Sedang
6,2020,"Pada tanggal 24 Januari 2020, mediasi warga Desa Karangsalam Kec. Baturaden yang terkena pelebaran jalan menuju jembatan gantung dengan PT. Buana Pamula Sakti.",Warga dengan Kontraktor Kemen PUPR,Belum Diketahui,"Data rekap 2020 (dari dokumen rekap_konflik_2020.docx, tabel Bakesbangpol)",False,159,23,Antar Ormas,Rendah
7,2020,"Pada tanggal 18 Februari 2020, aksi demo GMBI Kab. Banyumas terkait eksekusi ruko dan bangunan rumah depan RSUD Banyumas yang dilakukan oleh Pengadilan Negeri Banyumas.",Ormas dengan Pemerintah,Belum Diketahui,"Data rekap 2020 (dari dokumen rekap_konflik_2020.docx, tabel Bakesbangpol)",False,168,25,Antar Ormas,Sedang
8,2020,"Pada tanggal 27 Februari 2020, audiensi Gerakan Moral di PT Clipan Finance oleh Aliansi Rakyat Bersatu (Sakti Tiger).",Ormas dengan Swasta,Belum Diketahui,"Data rekap 2020 (dari dokumen rekap_konflik_2020.docx, tabel Bakesbangpol)",False,117,18,Antar Ormas,Rendah
9,2020,"Pada tanggal 8 Maret 2020, audiensi masyarakat warga Desa Kober Kec. Purwokerto Barat dengan PT. Protelindo terkait perpanjangan tower.",Masyarakat dengan Pemerintah,Belum Diketahui,"Data rekap 2020 (dari dokumen rekap_konflik_2020.docx, tabel Bakesbangpol)",False,135,19,Warga/Masyarakat vs Pemerintah,Rendah
10,2020,"Pada tanggal 1 Maret 2020, aksi GMNI di Bank Mandiri Cabang Purwokerto.",Ormas dengan BUMN,Belum Diketahui,"Data rekap 2020 (dari dokumen rekap_konflik_2020.docx, tabel Bakesbangpol)",False,71,12,Antar Ormas,Sedang
11,2020,"Pada tanggal 31 Maret 2020, aksi warga terkait penolakan pemakaman jenazah pasien Covid-19 di beberapa desa wilayah Kabupaten Banyumas.",Warga dengan Masyarakat,Belum Diketahui,"Data rekap 2020 (dari dokumen rekap_konflik_2020.docx, tabel Bakesbangpol)",False,135,19,Warga/Masyarakat vs Pemerintah,Sedang
12,2020,"Pada tanggal 1 Juni 2020, aksi aspirasi masyarakat Desa Babakan Kec. Karanglewas terkait adanya potongan dana BLT Covid-19, di Kantor LSM Gebrak RI Kab. Banyumas.",Masyarakat dengan Pemerintah,Belum Diketahui,"Data rekap 2020 (dari dokumen rekap_konflik_2020.docx, tabel Bakesbangpol)",False,162,25,Warga/Masyarakat vs Pemerintah,Sedang
13,2020,"Pada tanggal 13 Juni 2020, terpasang spanduk dukungan kepada Plt. Kepala Desa Kedungwuluh Lor a.n. Ngusman (Kasi Ekbang Kec. Patikraja).",Warga dengan Pemerintah,Belum Diketahui,"Data rekap 2020 (dari dokumen rekap_konflik_2020.docx, tabel Bakesbangpol)",False,136,20,Warga/Masyarakat vs Pemerintah,Sedang
14,2020,"Pada tanggal 26 Juni 2020, aksi demo penolakan RUU HIP, oleh FPI, Koalisi Masyarakat Pancasila Anti Komunis (KOMPAK), dan Anak Bangsa.",Ormas dengan Pemerintah,Belum Diketahui,"Data rekap 2020 (dari dokumen rekap_konflik_2020.docx, tabel Bakesbangpol)",False,134,21,Antar Ormas,Sedang
15,2020,"Pada tanggal 29 Juni 2020 (pukul 10.00 WIB), mediasi kasus dugaan asusila di Balai Desa Pejogol Kec. Cilongok, yang dilakukan oleh Bidan Desa a.n. Bisma dan Perangkat Desa Herin Purwanto, Amd (Kasi Kesra).","Masyarakat, Warga dan Ormas dengan Pemerintah",Belum Diketahui,"Data rekap 2020 (dari dokumen rekap_konflik_2020.docx, tabel Bakesbangpol)",False,205,33,Antar Ormas,Rendah
16,2020,"Pada tanggal 21 Juli 2020, penutupan jalan Desa Panembangan oleh warga karena adanya aktivitas PT Agrinus.",Warga dengan Pengusaha,Belum Diketahui,"Data rekap 2020 (dari dokumen rekap_konflik_2020.docx, tabel Bakesbangpol)",False,106,16,Warga vs Perusahaan/Tambang/Lembaga Keuangan,Sedang
17,2020,"Pada tanggal 3 Juli 2020, aksi demo di Balai Desa Sidabowa terkait pembangunan tower karena kurangnya sosialisasi dari PT. Gamai Trako Tunggal Jakarta.",Warga dengan Pengusaha,Belum Diketahui,"Data rekap 2020 (dari dokumen rekap_konflik_2020.docx, tabel Bakesbangpol)",False,151,23,Warga/Masyarakat vs Pemerintah,Rendah
18,2020,"Pada tanggal 10 Juli 2020, aksi demo lanjutan di Balai Desa Sidabowa terkait pembangunan tower karena kurangnya sosialisasi dari PT. Gamai Trako Tunggal Jakarta.",Warga dengan Pengusaha,Belum Diketahui,"Data rekap 2020 (dari dokumen rekap_konflik_2020.docx, tabel Bakesbangpol)",False,161,24,Warga/Masyarakat vs Pemerintah,Rendah
19,2020,"Pada tanggal 19 Juli 2020, aksi Simpatik Juguran Akbar Angkatan Muda Muhammadiyah (AMM) Banyumas menolak RUU HIP dan RUU Omnibus Law.",Ormas dengan Pemerintah,Belum Diketahui,"Data rekap 2020 (dari dokumen rekap_konflik_2020.docx, tabel Bakesbangpol)",False,133,21,Antar Ormas,Sedang
20,2020,"Pada tanggal 16 September 2020, Musyawarah Desa Khusus (Musdesus) di Desa Pejogol Kec. Cilongok terkait permintaan warga desa atas dugaan tindakan asusila oleh perangkat desa Pejogol.",Warga Masyarakat dengan Pemerintah Desa,Belum Diketahui,"Data rekap 2020 (dari dokumen rekap_konflik_2020.docx, tabel Bakesbangpol)",False,183,26,Warga/Masyarakat vs Pemerintah,Rendah
21,2020,"Pada tanggal 1 Oktober 2020, pemasangan spanduk penolakan keras dibangunnya Islamic Center oleh Yayasan Darul Furqon di Desa Karang Nanas Kecamatan Sokaraja.",Warga dengan Yayasan Darul Furqon,Belum Diketahui,"Data rekap 2020 (dari dokumen rekap_konflik_2020.docx, tabel Bakesbangpol)",False,157,22,Konflik Pendidikan/Pelajar,Sedang
22,2020,"Pada tanggal 7 Oktober 2020, Aksi Damai ""Banyumas Batalkan Omnibus Law"" oleh Aliansi Serikat Mahasiswa Bergerak (SEMARAK) terkait penolakan U Cipta Kerja/Omnibus Law (Jilid I).",Masyarakat dan Mahasiswa dengan Pemerintah,Belum Diketahui,"Data rekap 2020 (dari dokumen rekap_konflik_2020.docx, tabel Bakesbangpol)",False,176,25,Mahasiswa vs Pemerintah/Kampus,Sedang
23,2020,"Pada tanggal 14 Oktober 2020, Aksi Damai dalam rangka Melawan Anarkisme oleh GEMAS di depan Kantor Setda Kab. Banyumas, serta kampanye ke publik dan aksi di berbagai titik di Banyumas khususnya Kota Purwokerto terkait penolakan Omnibus Law/UU Ciptaker oleh Aliansi Semarak Banyumas.",Masyarakat dan Mahasiswa,Belum Diketahui,"Data rekap 2020 (dari dokumen rekap_konflik_2020.docx, tabel Bakesbangpol)",False,282,42,Mahasiswa vs Pemerintah/Kampus,Sedang
24,2020,"Pada tanggal 15 Oktober 2020, Aksi Damai ""Banyumas Batalkan Omnibus Law"" oleh Aliansi Serikat Mahasiswa Bergerak (SEMARAK) terkait penolakan U Cipta Kerja/Omnibus Law (Jilid II).",Semarak dengan Pemerintah,Belum Diketahui,"Data rekap 2020 (dari dokumen rekap_konflik_2020.docx, tabel Bakesbangpol)",False,178,25,Mahasiswa vs Pemerintah/Kampus,Sedang
25,2020,"Pada tanggal 26 Oktober 2020, Aksi Respon Cepat mengecam tindakan Polrestabes Kota Makassar atas penangkapan ""Kawan Ijul"" (Pimpinan FMN Kota Makassar), di depan Patung Kuda Universitas Jenderal Soedirman.",Kawan Ijul dengan Polrestabes Kota Makassar,Belum Diketahui,"Data rekap 2020 (dari dokumen rekap_konflik_2020.docx, tabel Bakesbangpol)",False,204,28,Lainnya,Sedang
26,2020,"Pada tanggal 27 Oktober 2020, Aksi Damai ""Banyumas Batalkan Omnibus Law"" oleh Aliansi Serikat Mahasiswa Bergerak (SEMARAK) terkait penolakan U Cipta Kerja/Omnibus Law (Jilid III).",Semarak dengan Pemerintah Daerah,Belum Diketahui,"Data rekap 2020 (dari dokumen rekap_konflik_2020.docx, tabel Bakesbangpol)",False,179,25,Mahasiswa vs Pemerintah/Kampus,Sedang
27,2020,"Pada tanggal 29 Juni 2020, aksi demo penolakan RUU HIP, oleh GMI. (Catatan: tanggal sama dengan kejadian No. 16 pada dokumen sumber, kemungkinan salah penempatan tanggal; perlu verifikasi)","Masyarakat, Warga dan Ormas dengan Pemerintah",Belum Diketahui,"Data rekap 2020 (dari dokumen rekap_konflik_2020.docx, tabel Bakesbangpol)",True,188,28,Antar Ormas,Sedang
28,2022,"Pada tanggal 3 Januari 2022, telah dilaksanakan audiensi Forum Masyarakat Banyumas Menggugat dengan Bupati Banyumas terkait tindak lanjut Perbup tentang bantuan kepada guru non-formal, di Ruang Joko Kaiman, Pendopo Si Panji Purwokerto.",Masyarakat dengan Pemerintah,Belum Diketahui,"Data rekap 2022 (dari dokumen rekap_konflik_2022.docx, tabel Bakesbangpol)",False,235,32,Warga/Masyarakat vs Pemerintah,Rendah
29,2022,"Pada tanggal 19 Januari 2022, telah dilaksanakan kegiatan penyelesaian masalah tower di wilayah RT 3 RW 8 Desa Beji, Kec. Kedungbanteng.",Masyarakat dengan Pemerintah,Belum Diketahui,"Data rekap 2022 (dari dokumen rekap_konflik_2022.docx, tabel Bakesbangpol)",False,136,21,Warga/Masyarakat vs Pemerintah,Sedang
30,2022,"Pada tanggal 24 Januari 2022, telah dilaksanakan audiensi dengan GNBI terkait penolakan kendaraan truk pengangkut barang galian C di jalan baru yang berada di Desa Sawangan, Kec. Kebasen.",GNBI dengan Warga,Belum Diketahui,"Data rekap 2022 (dari dokumen rekap_konflik_2022.docx, tabel Bakesbangpol)",False,187,28,Warga/Masyarakat vs Pemerintah,Rendah
31,2022,"Pada tanggal 25 Januari 2022, telah dilaksanakan audiensi terkait penutupan akses jalan menuju area TPA Cunil Pegalongan-Sokawera, Kecamatan Patikraja, oleh pemilik lahan.",Warga dan Pemerintah,Belum Diketahui,"Data rekap 2022 (dari dokumen rekap_konflik_2022.docx, tabel Bakesbangpol)",False,171,22,Warga/Masyarakat vs Pemerintah,Rendah
32,2022,"Pada tanggal 25 Januari 2022, telah dilaksanakan audiensi terkait penutupan akses jalan menuju area TPA Cunil Pegalongan-Sokawera, Kecamatan Patikraja, oleh pemilik lahan. (duplikat No. 4 pada dokumen sumber)",Warga dan Pemerintah,Belum Diketahui,"Data rekap 2022 (dari dokumen rekap_konflik_2022.docx, tabel Bakesbangpol)",True,208,28,Warga/Masyarakat vs Pemerintah,Rendah
33,2022,"Pada tanggal 28 Januari 2022, telah dilaksanakan deteksi dini penolakan keberadaan Sugi Nur Raharja (Gus Nur) yang sedang mengisi pengajian di Meubel Umar BZ Sokaraja, oleh Banser Banyumas.",Warga dengan Tokoh Agama,Belum Diketahui,"Data rekap 2022 (dari dokumen rekap_konflik_2022.docx, tabel Bakesbangpol)",False,189,28,Warga/Masyarakat vs Pemerintah,Sedang
34,2022,"Pada tanggal 1 Februari 2022, telah dilaksanakan aksi unjuk rasa solidaritas Aliansi Mahasiswa Banyumas (SEMARAK) terkait kejadian Wadas Purworejo, start dari PKM Unsoed menuju depan Kantor Pemkab Banyumas.",Mahasiswa dengan Pemerintah Daerah,Belum Diketahui,"Data rekap 2022 (dari dokumen rekap_konflik_2022.docx, tabel Bakesbangpol)",False,206,28,Mahasiswa vs Pemerintah/Kampus,Sedang
35,2022,"Pada tanggal 2 Februari 2022, telah dilaksanakan audiensi Asosiasi Truck Community dengan Dishub Banyumas terkait wacana kebijakan Over Dimensi Over Load (ODOL).",Pemerintah dengan Asosiasi Truck Community,Belum Diketahui,"Data rekap 2022 (dari dokumen rekap_konflik_2022.docx, tabel Bakesbangpol)",False,161,22,Lainnya,Rendah
36,2022,"Pada tanggal 24 Februari 2022, telah dilaksanakan audiensi DPD GMBI Banyumas bersama Kejari Banyumas terkait pengaduan penyalahgunaan anggaran dana desa di Desa Patikraja.",DPD GMBI dan Pemerintah Desa Patikraja,Belum Diketahui,"Data rekap 2022 (dari dokumen rekap_konflik_2022.docx, tabel Bakesbangpol)",False,171,23,Warga/Masyarakat vs Pemerintah,Rendah
37,2022,"Pada tanggal 4 Maret 2022, telah dilaksanakan perselisihan antara Ormas PSHT dengan SAKTI berujung perkelahian.",SAKTI dan Persaudaraan Setia Hati Teratai,Belum Diketahui,"Data rekap 2022 (dari dokumen rekap_konflik_2022.docx, tabel Bakesbangpol)",False,111,15,Antar Ormas,Sedang
38,2022,"Pada tanggal 8 Maret 2022, telah dilaksanakan aksi kampanye memperingati Hari Internasional Perempuan (Women's Day) oleh BEM Fakultas Ekonomi dan Bisnis Unsoed Purwokerto, di depan Patung Kuda Unsoed.",Mahasiswa dan Pemerintah,Belum Diketahui,"Data rekap 2022 (dari dokumen rekap_konflik_2022.docx, tabel Bakesbangpol)",False,200,28,Mahasiswa vs Pemerintah/Kampus,Sedang
39,2022,"Pada tanggal 8 Maret 2022, telah dilaksanakan audiensi perwakilan Pedagang Kaki Lima (PKL) Pasar Ajibarang dalam rangka penyampaian aspirasi terkait penataan pedagang yang berjualan di luar Pasar Ajibarang, dengan Komisi 3 DPRD Kab. Banyumas.",Pedagang dan Pemerintah,Belum Diketahui,"Data rekap 2022 (dari dokumen rekap_konflik_2022.docx, tabel Bakesbangpol)",False,242,34,Pedagang vs Pemerintah/Pengelola Pasar,Rendah
40,2022,"Pada tanggal 18 Maret 2022, telah dilaksanakan audiensi perwakilan Paguyuban Ajimas Jaya (pedagang yang berjualan di dalam Pasar Ajibarang) dengan Komisi 3 DPRD Kab. Banyumas dalam rangka penyampaian aspirasi terkait penataan pedagang yang berjualan di luar area Pasar Ajibarang.",Pedagang dan Pemerintah,Belum Diketahui,"Data rekap 2022 (dari dokumen rekap_konflik_2022.docx, tabel Bakesbangpol)",False,279,39,Pedagang vs Pemerintah/Pengelola Pasar,Rendah
41,2022,"Pada tanggal 8 April 2022, telah dilaksanakan aksi unjuk rasa mahasiswa se-Banyumas yang tergabung dalam Aliansi SEMARAK terkait isu penundaan pemilu, jabatan Presiden 3 periode, kenaikan harga kebutuhan pokok masyarakat dan BBM, kriminalisasi dan intimidasi terhadap aktivis, serta tuntutan reforma agraria dan penyelesaian konflik; start dari PKM Unsoed menuju depan Gedung DPRD.",Mahasiswa dan Pemerintah,Belum Diketahui,"Data rekap 2022 (dari dokumen rekap_konflik_2022.docx, tabel Bakesbangpol)",False,381,52,Mahasiswa vs Pemerintah/Kampus,Sedang
42,2022,"Pada tanggal 21 Mei 2022, telah dilaksanakan aksi damai mimbar bebas elemen mahasiswa BEM Unsoed Purwokerto di Alun-Alun Purwokerto dalam rangka memperingati Hari Reformasi.",Mahasiswa dan Pemerintah,Belum Diketahui,"Data rekap 2022 (dari dokumen rekap_konflik_2022.docx, tabel Bakesbangpol)",False,173,24,Mahasiswa vs Pemerintah/Kampus,Sedang
43,2022,"Pada tanggal 29 Mei 2022, telah dilaksanakan koordinasi terkait adanya konvoi dari anggota Khilafatul Muslimin di wilayah Kabupaten Banyumas.",Khilafatul Muslimin dan Pemerintah,Belum Diketahui,"Data rekap 2022 (dari dokumen rekap_konflik_2022.docx, tabel Bakesbangpol)",False,141,19,Lainnya,Rendah
44,2022,"Pada tanggal 6 Juni 2022, telah dilaksanakan deteksi dini diskusi Forkopimcam dengan Pakem Kembaran terkait permasalahan hiburan kesenian Ebeg di wilayah Kecamatan Kembaran.",Pakumas dengan Pemerintah Kecamatan Kembaran,Belum Diketahui,"Data rekap 2022 (dari dokumen rekap_konflik_2022.docx, tabel Bakesbangpol)",False,173,23,Lainnya,Sedang
45,2022,"Pada tanggal 18 Juni 2022, telah dilaksanakan tawuran antar suporter tim futsal SMK Telkom dengan suporter tim futsal Dr. Soetomo Kabupaten Cilacap, di lingkungan STT Telkom Purwokerto.",Tim Futsal SMK Telkom dan Tim Futsal Dr. Soetomo,Belum Diketahui,"Data rekap 2022 (dari dokumen rekap_konflik_2022.docx, tabel Bakesbangpol)",False,185,27,Konflik Suporter/Olahraga,Sedang
46,2022,"Pada tanggal 29 Juni 2022, telah dilaksanakan audiensi antara PPDI dan Satria Praja dengan Bupati Banyumas di Ruang Joko Kaiman, Pendopo Si Panji Purwokerto, berkaitan dengan tambahan penghasilan bagi Kepala Desa dan Perangkat Desa, THR, dan kenaikan ADD.",PPDI dengan Pemerintah Daerah,Belum Diketahui,"Data rekap 2022 (dari dokumen rekap_konflik_2022.docx, tabel Bakesbangpol)",False,255,38,Warga/Masyarakat vs Pemerintah,Rendah
47,2022,"Pada tanggal 1 Juli 2022, telah dilaksanakan aksi damai dari Persatuan Perangkat Desa Indonesia (PPDI) dan Paguyuban Kepala Desa (Satria Praja) di depan Gedung DPRD Kabupaten Banyumas.","PPDI, Satria Praja dengan Pemerintah Daerah",Belum Diketahui,"Data rekap 2022 (dari dokumen rekap_konflik_2022.docx, tabel Bakesbangpol)",False,184,27,Pedagang vs Pemerintah/Pengelola Pasar,Sedang
48,2022,"Pada tanggal 2 Juli 2022, telah dilaksanakan audiensi perwakilan warga RW 13 Desa Wangon dengan Bupati dan Dinas Lingkungan Hidup terkait pencemaran akibat pabrik Asphalt Mixing Plant (AMP) PT Putra Wira Usaha Asli, di Ruang Joko Kahiman, Pendopo Si Panji Purwokerto.",PT Putra Wira Usaha Asli dengan Warga Desa Wangon,Belum Diketahui,"Data rekap 2022 (dari dokumen rekap_konflik_2022.docx, tabel Bakesbangpol)",False,267,41,Warga vs Perusahaan/Tambang/Lembaga Keuangan,Rendah
49,2022,"Pada tanggal 4 Agustus 2022, telah dilaksanakan aksi unjuk rasa Aliansi Masyarakat Banyumas (AMB) dalam rangka meminta pengembalian aset Pemda yang berlokasi di Kebondalem, Purwokerto, Kab. Banyumas.",Aliansi Masyarakat Banyumas (AMB) dan Pemda,Belum Diketahui,"Data rekap 2022 (dari dokumen rekap_konflik_2022.docx, tabel Bakesbangpol)",False,199,27,Warga/Masyarakat vs Pemerintah,Sedang
50,2022,"Pada tanggal 1 Agustus 2022, telah dilaksanakan aksi unjuk rasa Aliansi Masyarakat Banyumas (AMB) dalam rangka meminta pengembalian aset Pemda yang berlokasi di Kejaksaan Negeri Purwokerto.",Aliansi Masyarakat Banyumas (AMB) dan Pemda,Belum Diketahui,"Data rekap 2022 (dari dokumen rekap_konflik_2022.docx, tabel Bakesbangpol)",False,189,26,Warga/Masyarakat vs Pemerintah,Sedang
51,2022,"Pada tanggal 1 September 2022, telah dilaksanakan aksi Kamisan oleh mahasiswa Purwokerto, dalam rangka merefleksikan kasus pelanggaran HAM berat masa lalu.",Mahasiswa dan Pemerintah,Belum Diketahui,"Data rekap 2022 (dari dokumen rekap_konflik_2022.docx, tabel Bakesbangpol)",False,155,21,Mahasiswa vs Pemerintah/Kampus,Sedang
52,2022,"Pada tanggal 5 September 2022, telah dilaksanakan aksi GEMPITA (Gerakan Masyarakat Peduli dan Cinta Tanah Air) Kab. Banyumas terkait kenaikan harga BBM.",Gerakan Masyarakat Peduli dan Cinta Tanah Air (GEMPITA) dan Pemerintah Daerah/Pemerintah Pusat,Belum Diketahui,"Data rekap 2022 (dari dokumen rekap_konflik_2022.docx, tabel Bakesbangpol)",False,152,22,Warga/Masyarakat vs Pemerintah,Sedang
53,2022,"Pada tanggal 7 September 2022, telah dilaksanakan aksi unjuk rasa penolakan kenaikan harga BBM oleh HMI Cabang Purwokerto dan komunitas Ojol Banyumas.","HMI Cabang Purwokerto, Driver Ojol dengan Pemerintah Daerah/Pemerintah Pusat",Belum Diketahui,"Data rekap 2022 (dari dokumen rekap_konflik_2022.docx, tabel Bakesbangpol)",False,150,22,Driver/Ojol vs Aplikator/Pemerintah,Sedang
54,2022,"Pada tanggal 8 September 2022, telah dilaksanakan aksi unjuk rasa menyikapi kenaikan BBM dari Aliansi Perempuan Banyumas.",Aliansi Perempuan Banyumas dengan Pemerintah Daerah/Pemerintah Pusat,Belum Diketahui,"Data rekap 2022 (dari dokumen rekap_konflik_2022.docx, tabel Bakesbangpol)",False,121,17,Lainnya,Sedang
55,2022,"Pada tanggal 14 September 2022, telah dilaksanakan aksi unjuk rasa dari Aliansi Masyarakat Desa Cilongok terkait tuntutan Kepala Desa Cilongok mundur dari jabatannya.",Aliansi Masyarakat Desa Cilongok dan Pemerintah Desa Cilongok,Belum Diketahui,"Data rekap 2022 (dari dokumen rekap_konflik_2022.docx, tabel Bakesbangpol)",False,166,23,Warga/Masyarakat vs Pemerintah,Sedang
56,2022,"Pada tanggal 20 September 2022, telah dilaksanakan musyawarah Desa Khusus (Musdesus) BPD Cilongok dengan Aliansi Masyarakat Desa Cilongok terkait tuntutan Kepala Desa Cilongok mundur dari jabatannya.","BPD Cilongok, Aliansi Masyarakat Desa Cilongok, Ketua RT dan RW Cilongok dengan Pemerintah Desa Cilongok",Belum Diketahui,"Data rekap 2022 (dari dokumen rekap_konflik_2022.docx, tabel Bakesbangpol)",False,199,26,Warga/Masyarakat vs Pemerintah,Rendah
57,2022,"Pada tanggal 24 Oktober 2022, telah dilaksanakan beberapa masyarakat Kelurahan Bancarkembar, Kecamatan Purwokerto Utara, menolak adanya pembangunan Tempat Pemilahan Sampah di Jalan Ringin Tirto, Bancarkembar.",Warga Kelurahan Bancarkembar dengan Pemerintah Daerah,Belum Diketahui,"Data rekap 2022 (dari dokumen rekap_konflik_2022.docx, tabel Bakesbangpol)",False,208,25,Warga/Masyarakat vs Pemerintah,Sedang
58,2022,"Pada tanggal 17 November 2022, telah dilaksanakan salah satu warga Desa Kaliurip, Kecamatan Purwojati, belum menyetujui adanya pembebasan lahan untuk pembangunan embung.",Warga dengan Pemerintah Daerah,Belum Diketahui,"Data rekap 2022 (dari dokumen rekap_konflik_2022.docx, tabel Bakesbangpol)",False,169,22,Warga/Masyarakat vs Pemerintah,Sedang
59,2022,"Pada tanggal 25 November 2022, telah dilaksanakan aksi unjuk rasa di Balai Desa Samudra, Kecamatan Gumelar, terkait sikap dan perbuatan perangkat Desa Samudra a.n. Saefudin yang dianggap arogan dan temperamental.",Warga dengan Pemerintah Desa,Belum Diketahui,"Data rekap 2022 (dari dokumen rekap_konflik_2022.docx, tabel Bakesbangpol)",False,212,30,Warga/Masyarakat vs Pemerintah,Sedang
60,2023,"Pada hari Senin tanggal 5 Februari 2023, telah dilaksanakan Aksi pemasangan spanduk penolakan dari warga masyarakat desa Kedungbanteng terkait rencana perubahan SMP Diponegoro 3 Kedungbanteng menjadi SMP Al-Ashar",Yayasan Al-Hidayah dengan Masyarakat desa Kedungbanteng,Belum Diketahui,"Data bersih 2023 (tidak tersentuh proses rekonstruksi, sumber mentah tdk tersedia)",False,212,28,Konflik Pendidikan/Pelajar,Sedang
61,2023,"Pada hari Kamis tanggal 23 Februari 2023, telah dilaksanakan aksi unjukrasa oleh Elemen mahasiswa Banyumas, dalam rangka menyikapi peringatan hari jadi Banyumas ke 452 di alun-alun Purwokerto",Mahasiswa dengan Pemerintah Dsaerah,Belum Diketahui,"Data bersih 2023 (tidak tersentuh proses rekonstruksi, sumber mentah tdk tersedia)",False,191,27,Mahasiswa vs Pemerintah/Kampus,Sedang
62,2023,"Pada hari selasa tanggal 23 Pebruari 2023, telah terjadi perusakan rumah dan penculikan ketua umum ormas Sakti Banyumas sdr. Abdul Latief Heriyadi",Ormas dengan Ormas,Belum Diketahui,"Data bersih 2023 (tidak tersentuh proses rekonstruksi, sumber mentah tdk tersedia)",False,146,22,Antar Ormas,Tinggi
63,2023,"Pada hari selasa tanggal 7 Maret 2023, telah terjadi keributan/gesekan antar masa ormas Pemuda Pancasila (PP) dengan Lowo Ireng (LI) digrumbul Kradenan Desa Banteran Kec. Sumbang",Ormas dengan Ormas,Belum Diketahui,"Data bersih 2023 (tidak tersentuh proses rekonstruksi, sumber mentah tdk tersedia)",False,178,26,Antar Ormas,Sedang
64,2023,.,Pemerintah dengan Mahasiswa,Belum Diketahui,"Data bersih 2023 (tidak tersentuh proses rekonstruksi, sumber mentah tdk tersedia)",False,1,1,Mahasiswa vs Pemerintah/Kampus,Sedang
65,2023,"Pada hari Kamis, 25 Mei 2023 telah terjadi penolakan pembanguanan PDU Sampah di Kelurahan Rejasari RT. 03 RW. 01 Kecamatan Purwokerto Barat.",Pemerintah dengan warga masyarakat,Belum Diketahui,"Data bersih 2023 (tidak tersentuh proses rekonstruksi, sumber mentah tdk tersedia)",False,140,22,Warga/Masyarakat vs Pemerintah,Sedang
66,2023,"Pada hari Senin, 5 Juni 2023 telah dilaksanakan Audiensi dari 5 profesi Kesehatan (IDI, PPNI, PDGI, IBI dan IAI Banyumas) dengan DPRD Kab. Banyumas mensikapi seruan aksi serentak stop RUU Kesehatan (Omnibus Law).",Organisasi Kesehatan dengan Pemerintah,Belum Diketahui,"Data bersih 2023 (tidak tersentuh proses rekonstruksi, sumber mentah tdk tersedia)",False,212,33,Lainnya,Rendah
67,2023,"Pada hari Senin, 17 Juli 2023 telah dilaksanakan aksi unjuk rasa warga Desa Datar Kec. Sumbang terkait polemik pelaksanaan pilkades seretntak tahun 2023",Pemerintah dengan warga masyarakat.,Belum Diketahui,"Data bersih 2023 (tidak tersentuh proses rekonstruksi, sumber mentah tdk tersedia)",False,152,23,Warga/Masyarakat vs Pemerintah,Sedang
68,2023,"Pada hari Kamis, 27 Juli 2023 telah dilaksanakan aksi unjuk rasa terkait penutupan tambang emas di wilayah Desa Pancurendang Kecamatan Ajibarang",Pemerintah dengan penambang emas,Belum Diketahui,"Data bersih 2023 (tidak tersentuh proses rekonstruksi, sumber mentah tdk tersedia)",False,144,21,Warga vs Perusahaan/Tambang/Lembaga Keuangan,Sedang
69,2023,"Pada hari Kamis, 3 Agustus 2023 telah dilaksanakan aksi unjuk rasa protes kebisingan tempat karaoke “Fifa Executive Karaoke” yang dilakukan oleh Forum warga 567 Mangunjaya",Forum Warga 567 Mangunjaya dengan Fifa Executive karaoke,Belum Diketahui,"Data bersih 2023 (tidak tersentuh proses rekonstruksi, sumber mentah tdk tersedia)",False,171,25,Warga/Masyarakat vs Pemerintah,Sedang
70,2023,"Pada hari Selasa, 2 Agustus 2023 telah dilaksanakan aksi unjuk rasa dan eksekusi tanah dan bangunan di Jl. Ahmad Yani Kelurahan Sokanegara",PN Purwokerto dengan warga,Belum Diketahui,"Data bersih 2023 (tidak tersentuh proses rekonstruksi, sumber mentah tdk tersedia)",False,138,22,Warga/Masyarakat vs Pemerintah,Sedang
71,2023,"Pada hari Kamis, 28 September 2023 telah dilaksanakan aksi kamisan memperingati pelanggaran HAM Berat di Indonesia oleh BEM Unsoed Purwokerto",Mahasiswa dengan Pemerintah,Belum Diketahui,"Data bersih 2023 (tidak tersentuh proses rekonstruksi, sumber mentah tdk tersedia)",False,141,20,Mahasiswa vs Pemerintah/Kampus,Sedang
72,2023,"Pada hari Selasa, 3 Oktober 2023 telah dilaksanakan aksi unjuk rasa pengemudi ojek online (ojol) menuntut penyesuaian tarif ojol",Aplikator dengan driver ojol,Belum Diketahui,"Data bersih 2023 (tidak tersentuh proses rekonstruksi, sumber mentah tdk tersedia)",False,128,19,Driver/Ojol vs Aplikator/Pemerintah,Sedang
73,2023,Pada hari Jumat 24 November 2023 telah dilaksanakan aksi unjuk rasa Masyarakat Klapagading Kulon dengan Pemerintah Desa,Masyarakat dengan Pemerintah Desa,Belum Diketahui,"Data bersih 2023 (tidak tersentuh proses rekonstruksi, sumber mentah tdk tersedia)",False,119,17,Warga/Masyarakat vs Pemerintah,Sedang
74,2023,"Pada hari Jumat 24 November 2023 telah dilaksanakan Aksi Damai Peduli Palestina bersama dengan Ormas-Ormas Islam dan Masyarakat Kab. Banyumas, di Halaman Menara Pandang Teratai, Jln. Bung Karno, Kel. Kedungwuluh, Kec. Purwokerto Barat",Mayarakat dengan Pemerintah,Belum Diketahui,"Data bersih 2023 (tidak tersentuh proses rekonstruksi, sumber mentah tdk tersedia)",False,234,33,Antar Ormas,Sedang
75,2023,Pada hari Sabtu 2 Desember 2023 telah dilaksanakan Audensi masyarakat Klapagading Kulon dengan Pemda,Masyarakat Desa dengan Pemerintah,Belum Diketahui,"Data bersih 2023 (tidak tersentuh proses rekonstruksi, sumber mentah tdk tersedia)",False,100,14,Warga/Masyarakat vs Pemerintah,Sedang
76,2023,"Pada hari Selasa 5 Desember 2023 telah dilaksanakan aksi damai paguyuban AJimas Jaya, Paguyuban pedagang pasar Ajibarang di Halaman Pasar.",Paguyuban Ajimas Jaya Pedagang Pasar ajibarang dengan Pemda,Belum Diketahui,"Data bersih 2023 (tidak tersentuh proses rekonstruksi, sumber mentah tdk tersedia)",False,138,20,Pedagang vs Pemerintah/Pengelola Pasar,Sedang
77,2024,Pada Tanggal 17 Januari 2024 Musyawarah desa (Musdes) antara warga desa dengan Pemdes Pamijen terkait dengan dugaan tindakan asusila/perzinaan yang dilakukan oleh Kades Pamijen bertempat di Balai Desa Pamijen,Warga dengan Pemerintah Desa,Tertangani,"Data bersih (tervalidasi via rekonstruksi, similarity=1.00)",False,208,29,Warga/Masyarakat vs Pemerintah,Rendah
78,2024,Pada Tanggal 18 Januari 2024 Aksi unjuk rasa mahasiswa UIN Saizu dan Unwiku Purwokerto dalam rangka peringatan mengenang tragedi kasus pelanggaran HAM masa lalu di Indonesia bertempat di Bundaran Tugu Pembangunan,Mahasiswa dengan Pemerintah,Tertangani,"Data bersih (tervalidasi via rekonstruksi, similarity=1.00)",False,212,31,Mahasiswa vs Pemerintah/Kampus,Sedang
79,2024,Pada Tanggal 13 Februari 2024 Audiensi terkait Netralitas Rektor UniversitasMuhammadiyah Purwokerto (UMP) dalam Pemilu 2024 yang dilakukan oleh Mahasiswa dalam rangka klarifikasi terkait adanya statementberupaapresiasiRektorUMP terhadapkinerjaPresiden JokoWidodo bertempat di Gedung Rektorat UMP,Mahasiswa dengan Pemerintah,Tertangani,"Data bersih (tervalidasi via rekonstruksi, similarity=1.00)",False,295,32,Mahasiswa vs Pemerintah/Kampus,Rendah
80,2024,Pada Tanggal 19 Februari 2024 Aksi mimbar bebas oleh BEM se Banyumas terkait darurat demokrasi pemilu belum usai bertempat di gerbang Gerbang Pendopo Pemkab Banyumas SOSIAL BUDAYA,Mahasiswa dengan Pemerintah,Tertangani,"Data bersih (tervalidasi via rekonstruksi, similarity=0.89)",False,179,27,Mahasiswa vs Pemerintah/Kampus,Sedang
81,2024,Pada Tanggal 5 Maret 2024 Aksi unjuk rasa terkait dugaan dugaan tindakan asusila/perzinaan yang dilakukan oleh Kades Wlahar bertempat di halaman Balai Desa Wlahar,WAliaarngsai Rdeankgyaant dengan Pemerintah Desa,Tertangani,"Data bersih (tervalidasi via rekonstruksi, similarity=0.87)",False,162,24,Warga/Masyarakat vs Pemerintah,Sedang
82,2024,Pada Tanggal 6 Maret 2024 Aksi relawan pendukung Capres dan Cawapres no. 3 (Ganjar - Mahfud) yang mengatasnamakan Aliansi Rakyat Menggugat Kabupaten Banyumas dalam rangka penegakan demokrasi di Indonesia bertempat di Alun - Alun Purwokerto,Mahasiswa dengan Rektorat Unsoed,Tertangani,"Data bersih (tervalidasi via rekonstruksi, similarity=0.90)",False,239,35,Mahasiswa vs Pemerintah/Kampus,Sedang
83,2024,Pada Tanggal 19 Maret 2024 Mediasi terkait tindaklanjut debitur warga desa Bojongsari oleh Sakato Tiger dengan True Finance di Kantor Cabang True Finance Purwokerto,Sakato Tiger dengan True Finance,Tertangani,"Data bersih (tervalidasi via rekonstruksi, similarity=1.00)",False,164,24,Warga vs Perusahaan/Tambang/Lembaga Keuangan,Rendah
84,2024,Pada Tanggal 16 April 2024 Aksi Unjuk Rasa Organisasi Persaudaraan Sakato Tiger (SAKTI) terkait dengan penarikan unit Truck COLTFS 73 TC a.n Abdullah bertempat di PT. True Finance Kantor cabang Purwokerto,Sakato Tiger dengan True Finance,Tertangani,"Data bersih (tervalidasi via rekonstruksi, similarity=1.00)",False,204,31,Antar Ormas,Sedang
85,2024,Pada Tanggal 26 April 2024 Aksi unjuk rasa Mahasiswa Unsoed terkait penolakan kenaikan Uang Kuliah Tunggal (UKT) tahun 2024 bertempat di Rektorat Unsoed SOSIAL BUDAYA,Mahasiswa dengan Rektorat Unsoed,Tertangani,"Data bersih (tervalidasi via rekonstruksi, similarity=0.96)",False,166,25,Mahasiswa vs Pemerintah/Kampus,Sedang
86,2024,Pada Tanggal 2 mei 2024 Aksi Kamisan Dalam Rangka Menuntut Penyelesaian Kasus HAM yang belum terselesaikan bertempat di Tugu Pembangunan,Mahasiswa dengan Warga dengan Pemerintah Pemerintah Desa,Tertangani,"Data bersih (similarity sedang=0.77 vs hasil rekonstruksi, disarankan cek manual)",True,136,20,Mahasiswa vs Pemerintah/Kampus,Sedang
87,2024,Pada Tanggal 3 Mei 2024 Aksi unjuk rasa Mahasiswa Banyumas Memperingati Hari Buruh Internasional dan Hardiknas terkait Komersialisasi Pendidikan dan Penolakan U Omnibuslaw di Alun - Alun Purwokerto,Mahasiswa dengan Pemerintah,Tertangani,"Data bersih (tervalidasi via rekonstruksi, similarity=0.93)",False,197,28,Mahasiswa vs Pemerintah/Kampus,Sedang
88,2024,Pada Tanggal 6 Mei 2024 Audiensi Pembahasan Tarif Angkutan Sewa Khusus (ASK) oleh Paguyuban Ojol bertempat di Ruang Fraksi PDIP DPRD Kab. Banyumas,Paguyuban Ojol dengan Pengusaha,Tertangani,"Data bersih (tervalidasi via rekonstruksi, similarity=1.00)",False,146,23,Driver/Ojol vs Aplikator/Pemerintah,Rendah
89,2024,Pada Tanggal 5 Juni 2024 Audiensi Warga Klapagading Kulon terkait penolakan perpanjangan masa jabatan Kepala Desa Klapagading Kulon karena masih dalam proses hukum bertempat di Ruang Rapat Wabup Purwokerto,Warga dengan Pemerintah Desa,Tertangani,"Data bersih (tervalidasi via rekonstruksi, similarity=1.00)",False,205,29,Warga/Masyarakat vs Pemerintah,Rendah
90,2024,Pada Tanggal 1 Juni 2024 Aksi damai dari elemen Mahasiswa HMI Purwokerto terkait penolakan terhadap kriminalisasi Pendidikan dan Kebijakan Presiden / Pemerintah terkait TAPERA SOSIAL BUDAYA,Mahasiswa dengan Pemerintah,Tertangani,"Data bersih (tervalidasi via rekonstruksi, similarity=0.96)",False,189,26,Mahasiswa vs Pemerintah/Kampus,Sedang
91,2024,Peristiwa Kedatangan Paguyuban Pasar (perwakilan 28 Pasar) se Kabupaten Banyumas terkait Penolakan Penerapan tentang Pajak Daerah dan Retribusi Daerah bertempat Kompleks Pendopo Si Panji Purwokerto,Paguyuban Pedagang Warga dengan dengan Pemerintah Pemerintah Desa,Tertangani,"Data bersih (similarity sedang=0.78 vs hasil rekonstruksi, disarankan cek manual)",True,197,25,Pedagang vs Pemerintah/Pengelola Pasar,Sedang
92,2024,Pada Tanggal 18 Juli 2024 Aksi Kamisan oleh Kelompok Aksi Kamisan Purwokerto dengan tema Pelanggaran Ham Berat di Indonesia dan Pelanggaran Hukum yang dilakukan Anggota Polri bertempat di Tugu Pembangunan,Mahasiswa dengan Pemerintah,Tertangani,"Data bersih (tervalidasi via rekonstruksi, similarity=1.00)",False,204,30,Mahasiswa vs Pemerintah/Kampus,Sedang
93,2024,Pada Tanggal 23 Juli 2024 Ponalakan Eksekusi Tanah dan Bangunan seluas 280 m2 oleh Pengadilan Agama Banyumas yang semula tercatat a.n Pendiri MI Ma'aruf NU Kedungrandu Alm. Bapak Cholisun menjadi a.n Sekh Baqir bertempat di MI Ma'aarif Kedungrandu,Kelompok Masyarakat dengan Warga,Dalam Proses,"Data bersih (similarity sedang=0.48 vs hasil rekonstruksi, disarankan cek manual)",True,247,38,Warga/Masyarakat vs Pemerintah,Sedang
94,2024,Pada Tanggal 14 Agustus 2024 Aksi Damai mengutarakan pendapat di muka umum oleh Ormas SAKTI (Sakato Tiger) dan Ormas CBR (Camp Bebas Riba),SAKTI (Sakato Tiger) dan CBR (Camp Bebas Riba),Tertangani,"Data bersih (tervalidasi via rekonstruksi, similarity=0.85)",False,138,23,Antar Ormas,Sedang
95,2024,"Pada Tanggal 2 Agustus 2024 Aksi Kamisan ke - 19 oleh Kelompok Aksi Kamisan Purwokerto dengan tema ""Aksi Darurat Selamatkan Demokrasi bertempat di Tugu Pembangunan SOSIAL BUDAYA",Kelompok Aksi Kamisan dan Pemerintah,Tertangani,"Data bersih (tervalidasi via rekonstruksi, similarity=0.90)",False,177,27,Mahasiswa vs Pemerintah/Kampus,Sedang
96,2024,"Pada Tanggal 23 Agustus 2024 Aksi Unjuk Rasa terkait dukungan terhadap Keputusan dan Putusan MK serta Menolak RUU Pilkada oleh Elemen Dosen, Guru Besar, Mahasiswa, Tenaga Kependidikan dan Alumni UNSOED (Laskar Sudirman) bertempat di Patung Kuda Unsoed Purwokerto","Warga dengan Elemen Dosen, Guru Pemerintah Desa Besar, Mahasiswa, Tenaga Kependidikan dan Alumni UNSOED dan Pemerintah",Tertangani,Data bersih (tidak ada padanan di hasil rekonstruksi -- dipertahankan apa adanya),False,262,38,Mahasiswa vs Pemerintah/Kampus,Sedang
97,2024,"Pada Tanggal 23 Agustus 2024 Aksi Mimbar Bebas Kawal Putusan MK dengan Tema ""Demokrasi Dipinggir Jurang"" oleh Gerakan Marhaenis Indonesia Kab. Banyumas bertempat di depan Gedung DPRD Kabupaten Banyumas",Gema Indonesia dan Pemerintah,Tertangani,"Data bersih (tervalidasi via rekonstruksi, similarity=0.95)",False,201,29,Lainnya,Sedang
98,2024,"Pada Tanggal 23 Agustus 2024 Aksi Unjuk Rasa Merespon 10 Tahun Pendindasan Jokowi dan Penolakan RUU Pilkada dengan tema ""Banyumas Adili Jokowi : Demokrasi Mati Saatnya Revolusi"" bertempat di depan Gedung DPRD Banyumas",Masyarakat dan Seluruh Mahasiswa Banyumas dengan Pemerintah,Tertangani,"Data bersih (similarity sedang=0.57 vs hasil rekonstruksi, disarankan cek manual)",True,217,33,Mahasiswa vs Pemerintah/Kampus,Sedang
99,2024,Pada Tanggal 5 September 2024 Aksi Kamisan Dalam Rangka Menuntut Penyelesaian Kasus HAM yang Belum Terselesaikan dan Mendapat keadilan oleh Kelompok Aksi Kamisan Purwokerto bertempat di Tugu Pembangunan SOSIAL BUDAYA,Kelompok Aksi Kamisan Purwokerto dan Pemerintah,Tertangani,"Data bersih (similarity sedang=0.48 vs hasil rekonstruksi, disarankan cek manual)",True,216,30,Mahasiswa vs Pemerintah/Kampus,Sedang
100,2024,Aksi Penyampaian Aspirasi terkait Tindakan Asusila Antara Kasi Kesdaya Desa Karangdadap dengan Kaur Perencanaan oleh Warga Desa Karangdadap bertempat di Balai Desa Krangdadap Banyumas,Warga Desa dengan WPeamrgeari ndteanhg Dane sa Pemerintah Desa,Tertangani,"Data bersih (tervalidasi via rekonstruksi, similarity=0.92)",False,183,24,Warga/Masyarakat vs Pemerintah,Sedang
101,2024,Pada Tanggal 9 September 2024 Aksi Unjuk Rasa Warga Desa Karangdadap Kec. Kalibagor menuntut perangkat desa yang diduga melakukan tindakan asusila kepada salah satu warga di Masjid Desa Karangdadap,Masyarakat dengan Pemerintah Desa,Tertangani,"Data bersih (tervalidasi via rekonstruksi, similarity=0.92)",False,197,29,Warga/Masyarakat vs Pemerintah,Sedang
102,2024,"Pada Tanggal 12 September 2024 Aksi Damai dengan tema ""Mengawal Pilkada Damai"" oleh Jaringan Masyarakat Banyumas bertempat di Depan Kantor Sekretariat Daerah Kabupaten Banyumas",Masyarakat dengan Pemerintah,Tertangani,"Data bersih (tervalidasi via rekonstruksi, similarity=0.92)",False,176,24,Konflik Politik/Pemilu,Sedang
103,2024,Pada Tanggal 18 Oktober 2024 Aksi Unjuk Rasa Warga Desa Binangun Kecamatan Banyumas terkait Dua Perangkat Desa yang memalsukan Tandan Tangan BPD Desa Binangun dalam dokumen RABDes Perubahan 2024,Masyarakat dengan Pemerintah Desa,Tertangani,"Data bersih (tervalidasi via rekonstruksi, similarity=1.00)",False,194,29,Warga/Masyarakat vs Pemerintah,Sedang
104,2024,Pada Tanggal 21 Oktober 2024 Aksi Unjuk Rasa oleh Elemen - Elemen Mahasiswa BEM Universitas di Purwokerto untuk menyambut secara berkabung pemerintahan Prabowo - Gibran di Alun- Alun Purwokerto SOSIAL BUDAYA,Mahasiswa dengan Pemerintah,Tertangani,"Data bersih (similarity sedang=0.47 vs hasil rekonstruksi, disarankan cek manual)",True,207,31,Mahasiswa vs Pemerintah/Kampus,Sedang
105,2024,"Pada Tanggal 24 Oktober 2024 Aksi Kamisan oleh Mahasiswa dengan tema ""Perlawanan terhadap Rezim Neo Orde Baru dan pelanggaran HAM"" bertempat di Tugu Pembangunan Purwokerto",Mahasiswa dengan WPeamrgeari ndteanhgan Pemerintah Desa,Tertangani,"Data bersih (similarity sedang=0.67 vs hasil rekonstruksi, disarankan cek manual)",True,171,25,Mahasiswa vs Pemerintah/Kampus,Sedang
106,2024,Pada Tanggal 24 Oktober 2024 Aksi Unjuk Rasa oleh Driver Online Banyumas terkait dengan aplikator Maxim yang dianggap tidak fair terhadap penerapan tarif bertempat di depan Gedung Sekretariat Daerah Kabupaten Banyumas,Driver Online Banyumas dengan Aplikator Maxim,Tertangani,"Data bersih (similarity sedang=0.44 vs hasil rekonstruksi, disarankan cek manual)",True,217,31,Driver/Ojol vs Aplikator/Pemerintah,Sedang
107,2024,"Pada Tanggal 31 Oktober 2024 Aksi Kamisan - 30 tema ""Tolak Pemberian gelar Pahlawan Nasional Untuk Soeharto bertempat di Tugu Pembangunan",Mahasiswa dengan Pemerintah,Tertangani,"Data bersih (tervalidasi via rekonstruksi, similarity=1.00)",False,137,21,Mahasiswa vs Pemerintah/Kampus,Sedang
108,2024,Pada Tanggal 4 November 2024 Audiensi Ormas Sakato Tiger Banyumas dengan DPMTSP Kabupaten Banyumas Tekait Dokumen Perizinan Tower Komunikasi di Desa Karangsalam Lor Kec. Baturaden,Ormas dengan Pemerintah,Tertangani,"Data bersih (tervalidasi via rekonstruksi, similarity=0.94)",False,179,25,Antar Ormas,Rendah
109,2024,Pada Tanggal 26 November 2024 Aksi Unjuk Rasa oleh Pendukung Paslon Andika-Hendi terkait Menuntut Klarifikasi dari Sdr. Supriyanto terkait aliran Dana Sembako untuk Pemenangan Paslon Gubernur-Wakil Gubernur No. urut 2 bertempat di Bawaslu Kabupaten Banyumas,Antar Tim Sukses Pilgub Jawa Tengah Kabupaten Banyumas,Tertangani,"Data bersih (tervalidasi via rekonstruksi, similarity=0.85)",False,257,35,Konflik Politik/Pemilu,Sedang
110,2024,"Pada Tanggal 23 Agustus 2024 Aksi Unjuk Rasa terkait dukungan Warga dengan terhadap Keputusan dan Putusan MK P E e le m m e e r n in D ta o h s D en e , s G a uru serta Menolak RUU Pilkada oleh Besar, Mahasiswa, Elemen Dosen, Guru Besar, Tenaga Kependidikan Mahasiswa, Tenaga Kependidikan dan dan Alumni UNSOED Alumni UNSOED (Laskar Sudirman) dan Pemerintah bertempat di Patung Kuda Unsoed Purwokerto",,Tertangani,KANDIDAT RECORD BARU dari rekonstruksi (tidak ada di data bersih sebelumnya) -- WAJIB VERIFIKASI ke PDF asli,True,400,73,Mahasiswa vs Pemerintah/Kampus,Sedang
111,2025,Pada Tanggal 15 Januari 2025 Mediasi antara Ormas Pemuda Pancasila dan GRIB Jaya serta menyikapi kejadian bentrok antara Pemuda Pancasila dengan GRIB Jaya di Blora pertemuan diinisiasi oleh Forkopimda Banyumas,Pemuda Pancasila dengan GRIB Jaya,Belum Diketahui,"Data bersih (similarity sedang=0.57 vs hasil rekonstruksi, disarankan cek manual)",True,209,30,Antar Ormas,Tinggi
112,2025,Pada Tanggal 16 Januari 2025 Kegiatan aksi kamisan oleh Mahasiswa Purwokerto dengan issue 18 tahun Aksi Kamisan Lupa Menolak Impunitas,Mahasiswa dengan Pemerintah,Belum Diketahui,"Data bersih (tervalidasi via rekonstruksi, similarity=0.90)",False,134,20,Mahasiswa vs Pemerintah/Kampus,Sedang
113,2025,Pada Tanggal 16 Januari 2025 Musyawarah permintaan kenaikan pembayaran kompensasi kepada warga RW 01 Desa Tiparkidul Kec. Ajibarang yang terdampak kebisingan mesin produksi oleh PT STAR,Warga Desa dengan PT STAR,Belum Diketahui,"Data bersih (tervalidasi via rekonstruksi, similarity=0.97)",False,185,26,Warga vs Perusahaan/Tambang/Lembaga Keuangan,Rendah
114,2025,Pada Tanggal 20 Januari 2025 Rapat koordinasi persiapan test DNA permasalahan Kepala Desa Gumelar Lor Kec. Tambak,Warga dengan Kepala Desa,Belum Diketahui,"Data bersih (tervalidasi via rekonstruksi, similarity=0.89)",False,113,17,Warga/Masyarakat vs Pemerintah,Rendah
115,2025,Pada Tanggal 2 Januari 2025 Audiensi Paguyuban Ajimas Jaya Pedagang Pasar Induk Ajibarang dengan Ketua DPRD Kabupaten Banyumas dalam rangka Audiensi terkait rencana pembongkaran 4 kios Pasar Ajibarang,Paguyuban Ajimas Jaya Pedagang Pasar Induk Ajibarang dengan Pemerintah,Belum Diketahui,"Data bersih (similarity sedang=0.53 vs hasil rekonstruksi, disarankan cek manual)",True,200,28,Pedagang vs Pemerintah/Pengelola Pasar,Rendah
116,2025,Pada Tanggal 17 Februari 2025 Aksi damai forum komunikasi RT RW Darmakradenan mendatangani komplek Crusher Gadog PT STAR / titik awal proyek Land Grading jalur Darmakradenan Ajibarang – Karangkemojing Gumelar,Warga dengan PT STAR,Belum Diketahui,"Data bersih (similarity sedang=0.50 vs hasil rekonstruksi, disarankan cek manual)",True,208,30,Warga vs Perusahaan/Tambang/Lembaga Keuangan,Sedang
117,2025,Pada Tanggal 19 Februari 2025 Aksi unjukrasa oleh Aliansi Mahasiswa Banyumas terkait HUT Banyumas dan Indonesia Gelap,Mahasiswa dengan Pemerintah,Belum Diketahui,"Data bersih (tervalidasi via rekonstruksi, similarity=0.88)",False,117,17,Mahasiswa vs Pemerintah/Kampus,Sedang
118,2025,Pada Tanggal 21 Maret 2025 Aksi unjukrasa tolak RUU TNI oleh elemen Mahasiswa yang tergabung dalam Aliansi Mahsiswa Banyumas Raya bertempat di,Mahasiswa dengan Pemerintah,Belum Diketahui,"Data bersih (tervalidasi via rekonstruksi, similarity=0.90)",False,142,22,Mahasiswa vs Pemerintah/Kampus,Sedang
119,2025,Pada Tanggal 29 Maret 2025 Aksi pernyataan sikap dukungan terhadap RUU TNI oleh Forum Masyarakat Banyumas Peduli NKRI di Lapangan Menara Teratai,Forum Masyarakat Banyumas Peduli dengan Pemerintah,Belum Diketahui,"Data bersih (similarity sedang=0.84 vs hasil rekonstruksi, disarankan cek manual)",True,144,22,Warga/Masyarakat vs Pemerintah,Sedang
120,2025,Pada Tanggal 9 April 2025 Aksi protes oleh warga akibat kerusakan jalan kabupaten di Desa Ciberem dan Banteran Kecamatan Sumbang dengan cara memasang pot tanaman dan menutup lubang.,Warga dengan Pemerintah,Belum Diketahui,"Data bersih (tervalidasi via rekonstruksi, similarity=0.93)",False,181,28,Warga/Masyarakat vs Pemerintah,Sedang
121,2025,Pada Tanggal 13 April 2025 Konsolidasi aksi solidaritas untuk palestina oleh BEM Universitas Jenderal Soedirman (UNSOED) Purwokerto bertempat di Pendopo PKM Unsoed,Mahasiswa dengan Pemerintah,Belum Diketahui,"Data bersih (tervalidasi via rekonstruksi, similarity=0.91)",False,163,22,Mahasiswa vs Pemerintah/Kampus,Sedang
122,2025,Pada Tanggal 14 April 2025 Audiensi pembahasan perizinan Sapphire membahas penyelesaian issue dan keresahan warga Masyarakat Sapphire Mansion Purwokerto bertempat di RM. Table Nine Kitchen and resto,Warga dengan Sapphire Mansion,Belum Diketahui,"Data bersih (tervalidasi via rekonstruksi, similarity=0.92)",False,198,27,Warga vs Perusahaan/Tambang/Lembaga Keuangan,Rendah
123,2025,"Pada Tanggal 16 April 2025 Audiensi damai dan laporan pengaduan serta dukungan terhadap Polri oleh Pwi, LS, Tribhata dan Aliansi Banyumas Bergerak terkait adanya statement Habib Riezieq Shihab","Pwi, LS, Tribhata, Aliansi Banyumas Bergerak dengan Habib Riezieq Shihab",Belum Diketahui,"Data bersih (similarity sedang=0.84 vs hasil rekonstruksi, disarankan cek manual)",True,192,28,Lainnya,Rendah
124,2025,Pada Tanggal 17 April 2025 Audiensi GP Ansor Banser Banyumas dengan Bupati Banyum as terkait rencana kegiatan Harlah Ansor Banser Ke – 91 tingkat Nasional yang rencana terpusat di Gor Satria Purwokerto,Warga dengan GP Ansor,Belum Diketahui,"Data bersih (similarity sedang=0.84 vs hasil rekonstruksi, disarankan cek manual)",True,201,32,Antar Ormas,Rendah
125,2025,Pada Tanggal 24 April 2025 Aksi kamisan oleh mahasiswa Purwokerto menuntut pengusutan pelanggaran HAM masa lalu bertempat di Tugu Pembangunan Purwokerto,Mahasiswa dengan Pemerintah,Belum Diketahui,"Data bersih (tervalidasi via rekonstruksi, similarity=0.92)",False,152,21,Mahasiswa vs Pemerintah/Kampus,Sedang
126,2025,Pada Tanggal 26 April 2025 Seruan konsolidasi oleh BEM Unsoed memperingati Hari Buruh bertempat di PKM Unsoed Purwokerto,Mahasiswa dengan Pemerintah,Belum Diketahui,"Data bersih (tervalidasi via rekonstruksi, similarity=0.90)",False,120,18,Mahasiswa vs Pemerintah/Kampus,Sedang
127,2025,Pada Tanggal 28 April 2025 Penyampaian aspirasi dari peserta P3D Desa Karangdadap yang tidak lolos seleksi P3D yang dianggap tidak transparan oleh Panitia P3D,Peserta seleksi dengan perangkat desa,Belum Diketahui,"Data bersih (tervalidasi via rekonstruksi, similarity=0.89)",False,158,24,Warga/Masyarakat vs Pemerintah,Sedang
128,2025,"Pada hari Senin tanggal 28 April 2025 pukul 10.30 s.d 12.15 WIB di Balaidesa Karangdadap, Kec. Kalibagor, Kab. Banyumas telah dilaksanakan penyampaian aspirasi dari peserta P3D Ds. Karangdadap yang tidak lolos seleksi terkait pelaksanaan seleksi P3D desa (Penjaringan Penyaringan Perangkat Desa) yang dianggap tidak transparan oleh panitia P3D (Penjaringan Penyaringan Perangkat Desa)",Masyarakat dengan Pemerintah,Belum Diketahui,"Data bersih (tervalidasi via rekonstruksi, similarity=0.96)",False,384,52,Warga/Masyarakat vs Pemerintah,Sedang
129,2025,"Pada hari Kamis, tanggal 1 Mei 2025, di Alun-Alun Purwokerto, jln. Jenderal Sudirman, Kel. Sokanegara, Kec. Purwokerto Timur, Kab. Banyumas telah dilaksanakan aksi mimbar bebas mahasiswa Banyumas dalam rangka Peringatan Hari Buruh Internasional (Mayday)",Mahasiswa dengan Pemerintah,Belum Diketahui,"Data bersih (tervalidasi via rekonstruksi, similarity=0.95)",False,253,34,Mahasiswa vs Pemerintah/Kampus,Sedang
130,2025,"Pada hari Jum'at, tanggal 2 Mei 2025, di Alun-Alun Purwokerto, jln. Jenderal Sudirman, Kel. Sokanegara, Kec. Purwokerto Timur, Kab. Banyumas telah dilaksanakan Aksi mimbar bebas mahasiswa se-Banyumas dalam rangka peringatan Hari Pendidikan Nasional (Hardiknas)",Mahasiswa dengan Pemerintah,Belum Diketahui,"Data bersih (tervalidasi via rekonstruksi, similarity=0.95)",False,260,34,Mahasiswa vs Pemerintah/Kampus,Sedang
131,2025,"Pada hari Rabu tanggal 07 Mei 2025, Bertempat di Jalan Raya Sumpiuh turut Kelurahan Kebokura Rt 01 / 01 Kecamatan Sumpiuh, Kabupaten Banyumas telah terjadi kejadian arak-arakan sepeda motor SMK Tamtama Kroya dan SMK Maarif Kroya Kabupaten Cilacap memprovokasi SMK Giripuro Sumpiuh.",Pelajar SMK Tamtama Kroya dan SMK Maarif Kroya Kabupaten Cilacap dengan pelajar SMK Giripuro Sumpiuh.,Belum Diketahui,Data bersih (tidak ada padanan di hasil rekonstruksi -- dipertahankan apa adanya),False,281,42,Konflik Pendidikan/Pelajar,Sedang
132,2025,Pada Tanggal 15 Mei 2025 Pemasangan Spanduk Penolakan Aset Kebondalem oleh Masyarakat Peduli Kebondalem di depan Eks Toko Metro Kebondalem,Masyarakat Peduli Kebondalem dengan Pemerintah Daerah,Belum Diketahui,"Data bersih (similarity sedang=0.83 vs hasil rekonstruksi, disarankan cek manual)",True,138,20,Warga/Masyarakat vs Pemerintah,Sedang
133,2025,Pada Tanggal 18 Mei 2025 Konsolidasi peringatan 28 tahun hari reformasi nasional dengan tema “BangkitnyaPerlawanan untuk Amanah Reformasi” oleh Mahasiswa Banyumas Raya di halaman Auditorium UMP,Mahasiswa Banyumas Raya dengan Pemerintah,Belum Diketahui,"Data bersih (tervalidasi via rekonstruksi, similarity=0.90)",False,193,26,Mahasiswa vs Pemerintah/Kampus,Sedang
134,2025,Pada Tanggal 19 Mei 2025 Aksi damai dari Warga terkait proses P3D yang dianggap ada kecurangan dan menuntut perbaikan jalan desa bertempat di Balai Desa Sikapat,Warga dan Perangkat Desa,Belum Diketahui,"Data bersih (tervalidasi via rekonstruksi, similarity=0.93)",False,160,26,Warga/Masyarakat vs Pemerintah,Sedang
135,2025,Pada Tanggal 20 Mei 2025 Aksi unjukrasa dari Driver Online Roda Dua dan Roda Empat se Banyumas raya yang tergabung dalam FDTOI (Forum Diskusi Transportasi Online Indonesia) tentang tarif layanan penumpang dan kehadiran U Transportasi Online bertempat di Depan Sekretariat Daerah Kabupaten Banyumas,FDTOI (Forum Diskusi Transportasi Online Indonesia) dengan Pemerintah,Belum Diketahui,Data bersih (tidak ada padanan di hasil rekonstruksi -- dipertahankan apa adanya),False,297,43,Driver/Ojol vs Aplikator/Pemerintah,Sedang
136,2025,Pada Tanggal 26 Mei 2025 Audiensi masyarakat Desa Karangrau Kec. Sokaraja dengan pihak pengembang dan pihak terkait dalam permasalahan perumahan Sapphire Mansion terkait pembebasan lahan milik warga yang akan dibangun Perumahan Subsidi tetapi dibangun Perumahan elit,Warga Desa Karangrau dengan pihak pengembang Sapphire Mansion,Belum Diketahui,"Data bersih (similarity sedang=0.73 vs hasil rekonstruksi, disarankan cek manual)",True,266,36,Warga vs Perusahaan/Tambang/Lembaga Keuangan,Rendah
137,2025,Pada tanggal 18 Juni 2025 Musyawarah Desa Khusus (MAD Khusus) BuMdesma Jati Makmur Kecamatan Jatilawang terkait dengan rotasi pergeseran pengurus bertempat di Aula Pendopo Nurjati Jatilawang,Warga desa dengan pemerintah,Belum Diketahui,"Data bersih (tervalidasi via rekonstruksi, similarity=0.93)",False,190,26,Warga/Masyarakat vs Pemerintah,Rendah
138,2025,Pada Tanggal 18 Juni 2025 Mediasi tingkat lanjut laporan lapak aduan masyarakat terkait pembuangan sampah menumpuk milik pribadi An. Suprapto yang berlokasi di Desa Linggasari Kecamatan Kembaran,Masyarakat dengan salah satu warga,Belum Diketahui,"Data bersih (tervalidasi via rekonstruksi, similarity=0.92)",False,194,27,Warga vs Perusahaan/Tambang/Lembaga Keuangan,Rendah
139,2025,Pada tanggal 19 Juni 2025 Aksi mimbar bebas oleh Mahasiswa Banyumas dalam rangka aksi spontanitas dan solidaritas sebagai respon Banyumas menghadapi degradasi demokrasi dan represifitas aparat di gerbang fakultas MIPA Unsoed,Mahasiswa dengan Pemerintah,Belum Diketahui,"Data bersih (similarity sedang=0.49 vs hasil rekonstruksi, disarankan cek manual)",True,224,31,Mahasiswa vs Pemerintah/Kampus,Sedang
140,2025,Pada hari Rabu tanggal 16 Juli 2025 pukul 10.00 s.d 12.00 WIB di Aula Balaidesa Cilongok telah dilaksanakan audiensi terkait Penyelesaian permasalahan kepemilikan lahan/tanah lapangan Desa Cilongok dari ahli waris dengan pihak Pemdes Cilongok,Masyarakat dengan Pemerintah Desa,Belum Diketahui,Data bersih (tidak ada padanan di hasil rekonstruksi -- dipertahankan apa adanya),False,242,34,Warga/Masyarakat vs Pemerintah,Rendah
141,2025,"Pada hari Senin tanggal 28 Juli 2025 pukul 13. 35 s.d 15. 45 di depan Gedung Dekan Fisip Unsoed, Jl. Kampus, Kel. Grandeng, Kec. Purwokerto Utara, Kab. Banyumas telah dilaksanakan Aksi Mimbar Bebas dalam rangka Peduli terhadap kekerasan seksual di Universitas Jendral Sudirman Purwokerto",Mahasiswa dengan sivitas akademi UNOSED,Belum Diketahui,Data bersih (tidak ada padanan di hasil rekonstruksi -- dipertahankan apa adanya),False,287,44,Mahasiswa vs Pemerintah/Kampus,Tinggi
142,2025,Pada hari Senin tanggal 4 Agustus 2025 pukul 18.00 s.d 19.00 WIB titik kumpul dari Lapangan bola stadion Gor Satria Purwokerto menuju depan kantor KONI komplek Gor Satria Purwokerto telah dilaksanakan aksi damai dari aliansi masyarakat peduli Persibas menuntut untuk mediasi dengan Bp. Sutrisno (ketua Askab terpilih dalam kongres luarbiasa) terkait permasalahan klub sepakbola Persibas,Suporter Persibas dengan Pengurus cabas PSSI Banyumas,Belum Diketahui,Data bersih (tidak ada padanan di hasil rekonstruksi -- dipertahankan apa adanya),False,386,55,Konflik Suporter/Olahraga,Rendah
143,2025,"Pada hari Jumat tanggal 2 Agustus 2025 pukul 10.00 WIB s.d pukul 11.40 WIB, bertempat di ruang rapat 1 Gedung DPRD Kabupaten Banyumas telah dilaksanakan kegiatan rapat koordinasi penanganan zona merah di Stasiun Besar Purwokerto yang melibatkan ojek online dan ojek Pengkolan dengan pimpinan rapat ketua DPRD Kabupaten Banyumas",ojek online dan ojek Pengkolan dengan pimpinan DPRD Kabupaten Banyumas,Belum Diketahui,Data bersih (tidak ada padanan di hasil rekonstruksi -- dipertahankan apa adanya),False,327,49,Driver/Ojol vs Aplikator/Pemerintah,Rendah
144,2025,"Pada hari Jumat, tanggal 29 Agustus 2025 pukul 20.00 s.d pukul 22.00, di Taman Tesda, Jln. Jenderal Soedirman, Kel. Kranji, Kec. Purwokerto Timur, Kab. Banyumas telah dilaksanakan aksi unjuk rasa 1000 Lilin untuk Korban Tragedi 28 Agustus 2025 oleh kelompok Aksi Kemisan Purwokerto dan BEM Banyumas Raya",Mahasiswa dengan Pemerintah,Belum Diketahui,Data bersih (tidak ada padanan di hasil rekonstruksi -- dipertahankan apa adanya),False,303,47,Mahasiswa vs Pemerintah/Kampus,Sedang
145,2025,Pada hari Sabtu tanggal 30 Agustus 2025 Pukul 13.00 s.d 22.15 Wib titik kumpul di UIN SAIZU Purwokerto menuju depan gedung DPRD Kab. Banyumas lama telah dilaksanakan *aksi unjuk rasa gabungan dari Aliansi Keluarga Besar Cipayung Plus Kab. Banyumas Raya dan BEM Banyumas Raya yang tergabung dalam Aliansi Banyumas Raya Marah terkait tindakan Represif Kepolisian* aksi berujung anarkhis,Mahasiswa dengan Polri,Belum Diketahui,"Data bersih (tervalidasi via rekonstruksi, similarity=0.97)",False,384,58,Mahasiswa vs Pemerintah/Kampus,Sedang
146,2025,Pada hari Senin tanggal 8 September 2025 pukul 14.00 s.d 17.35 WIB bertempat di depan Rektorat Unsoed Purwokerto dilaksanakan kegiatan Aksi Damai Menuntut Usut Tuntas Kasus Kekerasan Seksual dikampus Unsoed Purwokerto oleh Elemen mahasiswa Unsoed Purwokerto yang tergabung dalam KBMU (Keluarga Besar Mahasiswa Unsoed),Mahasiswa dengan sivitas akademi UNOSED,Belum Diketahui,"Data bersih (tervalidasi via rekonstruksi, similarity=0.94)",False,317,44,Mahasiswa vs Pemerintah/Kampus,Tinggi
147,2025,"Pada hari Kamis tanggal 1 September 2025 bertempat di Tugu Pembangunan Jln. Gatot Subroto Kel. Kranji, Kec. Purwokerto Timur, Kab. Banyumas telah dilaksanakan kegiatan Aksi Kamisan oleh mahasiswa Purwokerto dengan tema Kami Bersama Korban, Kami Bersama Kawan, Munir adalah Kita",Mahasiswa dengan Pemerintah,Belum Diketahui,"Data bersih (similarity sedang=0.67 vs hasil rekonstruksi, disarankan cek manual)",True,277,40,Mahasiswa vs Pemerintah/Kampus,Sedang
148,2025,"Pada hari Kamis tanggal 18 September 2025 bertempat di Tugu Pembangunan Jln. Gatot Subroto Kel. Kranji, Kec. Purwokerto Timur, Kab. Banyumas telah dilaksanakan kegiatan Aksi Kamisan oleh mahasiswa Purwokerto dengan tema Bebaskan semua aktivis Pro demokrasi dan HAM, Menolak Lupa Tragedi Tanjung Priuk",Mahasiswa dengan Pemerintah,Belum Diketahui,"Data bersih (tervalidasi via rekonstruksi, similarity=0.91)",False,300,43,Mahasiswa vs Pemerintah/Kampus,Sedang
149,2025,"Pada hari Selasa 23 September 2025 pukul 16.00 s.d 18.45 di Gedung DPRD Banyumas telah dilaksanakan Aksi Damai Mimbar Bebas dengan thema *DPRD SEJAHTERA, RAKYAT SENGSARA""* yang dilaksanakan oleh gabungan elemen mahasiswa",Mahasiswa dengan Pemerintah,Belum Diketahui,"Data bersih (tervalidasi via rekonstruksi, similarity=0.94)",False,220,32,Mahasiswa vs Pemerintah/Kampus,Sedang
150,2025,"Pada hari Kamis tanggal 25 September 2025 Pukul 13.00 s.d 16.00 WIB bertempat di Depan Menara Pandang Purwokerto, alamat Jl. Bung Karno, Kalibener, Purwanegara, Kec. Purwokerto Barat, Kabupaten Banyumas, Jawa Tengah telah dilaksanakan kegiatan *Aksi Mimbar Bebas oleh elemen Mahasiswa memperingati Hari Tani Nasional 2025",Mahasiswa dengan Pemerintah,Belum Diketahui,"Data bersih (tervalidasi via rekonstruksi, similarity=0.96)",False,321,45,Mahasiswa vs Pemerintah/Kampus,Sedang
151,2025,"Pada hari Jum'at 17 Oktober 2025 Pukul 15.30 s.d 18.00 di Alun-alun Purwokerto (depan Rita Supermall) telah berlangsung Aksi Mimbar Bebas menjelang 1 tahun Prabowo - Gibran dan Problematika Banyumas dengan tema ""Indonesia (C)Emas Rezim Fasis Rakyat Menangis"" oleh aliansi mahasiswa Banyumas yang tergabung dalam BEM Banyumas*",Mahasiswa dengan Pemerintah,Belum Diketahui,"Data bersih (tervalidasi via rekonstruksi, similarity=0.96)",False,325,47,Mahasiswa vs Pemerintah/Kampus,Sedang
152,2025,"Pada hari Kamis tanggal 25 November 2025 pukul 10.28 s.d. 11.30 WIB bertempat di Kantor Bank Muamalat Cabang Purwokerto Komplek Ruko Satria Plaza Blok A. 5 Kauman Lama, Jl. Jendral Sudirman Kel. Purwokerto Lor, Kec. Purwokerto Timur, Kab. Banyumas telah dilaksanakan Audiensi dari LSM SAKTI Banyumas dengan Pimpinan Bank Muamalat Cabang Purwokerto",LSM SAKTI Banyumas dengan Pimpinan Bank Muamalat Cabang Purwokerto,Belum Diketahui,Data bersih (tidak ada padanan di hasil rekonstruksi -- dipertahankan apa adanya),False,347,52,Antar Ormas,Rendah
153,2025,"Pada hari Jum'at 17 Oktober 2025 Pukul 15.30 s.d 18.00 di Alun-alun Purwokerto (depan Rita Supermall) telah berlangsung Aksi Mimbar Bebas menjelang 1 tahun Prabowo - Gibran dan Problematika Banyumas dengan tema ""Indonesia (C)Emas Rezim Fasis Rakyat Menangis"" oleh aliansi mahasiswa Banyumas yang tergabung dalam BEM Banyumas.",Mahasiswa dengan Pemerintah,Belum Diketahui,"Data bersih (tervalidasi via rekonstruksi, similarity=0.96)",False,325,47,Mahasiswa vs Pemerintah/Kampus,Sedang
154,2025,"Pada hari Selasa tanggal 9 Desember 2025 pukul 10.15 s.d 15.45 di Ruang Hall C gedung DPRD Kab. Banyumas alamat Kel. Kranji, Kec. Purwokerto Timur, Kab. Banyumas telah dilaksanakan audiensi warga Ds. Baseh, Kec. Kedungbanteng, Kab. Banyumas yang tergabung dalam Aliansi Masyarakat Baseh Peduli dengan DPRD Kab. Banyumas dengan agenda menuntut Penghentian Aktivitas Tambang Batu Granodiorit milik PT Dinar Batu Agung di Desa Baseh, Kec. Kedungbanteng",Mahasiswa dengan PT Dinar Batu Agung dan Pemerintah,Belum Diketahui,"Data bersih (tervalidasi via rekonstruksi, similarity=0.88)",False,449,66,Mahasiswa vs Pemerintah/Kampus,Rendah
155,2025,"Pada hari Semin tanggal 15 Desember 2025 bertempat di depan kantor cabang ESDM wilayah Slamet Selatan alamat Jl. A. Yani Kel. Sokanegara, Kec. Purwokerto Utara, Kab. Banyumas telah dilaksanakan aksi Mimbar bebas dengan tema ""Banyumas Darurat Lingkungan"" oleh HMI Cabang Purwokerto",Mahasiswa dengan Pemerintah,Belum Diketahui,"Data bersih (tervalidasi via rekonstruksi, similarity=0.95)",False,280,41,Mahasiswa vs Pemerintah/Kampus,Sedang
156,2025,"Pada hari Kamis tanggal 18 Desember 2025 Bertempat di Tugu Pembangunan Banyumas alamat Jl. Jend. Gatot Subroto, Brobahan, Purwanegara, Kec. Purwokerto Timur, Kabupaten Banyumas, telah dilaksanakan Kegiatan Aksi Kamisan oleh kelompok aksi kamisan Banyumas dengan tema *Indonesia Darurat Bencana & Penangkapan Aktivis*",Mahasiswa dengan Pemerintah,Belum Diketahui,"Data bersih (tervalidasi via rekonstruksi, similarity=0.96)",False,316,42,Mahasiswa vs Pemerintah/Kampus,Sedang
157,2025,Pada hari Jumat tanggal 19 Desember 2025 pukul 14.35 s.d 16.22 WIB bertempat Kantor Bupati Banyumas alamat Jl. Kabupaten,Masyarakat dengan Pemerintah,Belum Diketahui,"Data bersih (similarity sedang=0.56 vs hasil rekonstruksi, disarankan cek manual)",True,120,19,Warga/Masyarakat vs Pemerintah,Sedang
158,2025,"Pada hari Rabu tanggal 07 Mei Pelajar SMK Tamtama 2025, Bertempat di Jalan Raya Kroya dan SMK Maarif Sumpiuh turut Kelurahan Kebokura Kroya Kabupaten Rt 01 / 01 Kecamatan Sumpiuh, Cilacap dengan pelajar Kabupaten Banyumas telah terjadi SMK Giripuro kejadian arak-arakan sepeda motor Sumpiuh. SMK Tamtama Kroya dan SMK Maarif Kroya Kabupaten Cilacap memprovokasi SMK Giripuro Sumpiuh.",,Belum Diketahui,KANDIDAT RECORD BARU dari rekonstruksi (tidak ada di data bersih sebelumnya) -- WAJIB VERIFIKASI ke PDF asli,True,383,57,Konflik Pendidikan/Pelajar,Sedang
159,2025,Pada Tanggal 20 Mei 2025 FDTOI (Forum Diskusi Aksi unjukrasa dari Driver Online Transportasi Online Roda Dua dan Roda Empat se Indonesia) dengan Banyumas raya yang tergabung Pemerintah dalam FDTOI (Forum Diskusi Transportasi Online Indonesia) tentang tarif layanan penumpang dan kehadiran U Transportasi Online bertempat di Depan Sekretariat Daerah Kabupaten Banyumas,,Belum Diketahui,KANDIDAT RECORD BARU dari rekonstruksi (tidak ada di data bersih sebelumnya) -- WAJIB VERIFIKASI ke PDF asli,True,367,51,Driver/Ojol vs Aplikator/Pemerintah,Sedang
160,2025,Pada hari Rabu tanggal 16 Juli Masyarakat dengan 2025 pukul 10.00 s.d 12.00 WIB di Pemerintah Desa Aula Balaidesa Cilongok telah dilaksanakan audiensi terkait Penyelesaian permasalahan kepemilikan lahan/tanah lapangan Desa Cilongok dari ahli waris dengan pihak Pemdes Cilongok,,Belum Diketahui,KANDIDAT RECORD BARU dari rekonstruksi (tidak ada di data bersih sebelumnya) -- WAJIB VERIFIKASI ke PDF asli,True,276,38,Warga/Masyarakat vs Pemerintah,Rendah
161,2025,"Pada hari Senin tanggal 28 Juli Mahasiswa dengan 2025 pukul 13. 35 s.d 15. 45 di sivitas akademi depan Gedung Dekan Fisip UNOSED Unsoed, Jl. Kampus, Kel. Grandeng, Kec. Purwokerto Utara, Kab. Banyumas telah dilaksanakan Aksi Mimbar Bebas dalam rangka Peduli terhadap kekerasan seksual di Universitas Jendral Sudirman Purwokerto",,Belum Diketahui,KANDIDAT RECORD BARU dari rekonstruksi (tidak ada di data bersih sebelumnya) -- WAJIB VERIFIKASI ke PDF asli,True,327,49,Mahasiswa vs Pemerintah/Kampus,Tinggi
162,2025,Pada hari Senin tanggal 4 Suporter Persibas Agustus 2025 pukul 18.00 s.d dengan Pengurus 19.00 WIB titik kumpul dari cabas PSSI Banyumas Lapangan bola stadion Gor Satria Purwokerto menuju depan kantor KONI komplek Gor Satria Purwokerto telah dilaksanakan aksi damai dari aliansi masyarakat peduli Persibas menuntut untuk mediasi dengan Bp. Sutrisno (ketua Askab terpilih dalam kongres luarbiasa) terkait permasalahan klub sepakbola Persibas,,Belum Diketahui,KANDIDAT RECORD BARU dari rekonstruksi (tidak ada di data bersih sebelumnya) -- WAJIB VERIFIKASI ke PDF asli,True,440,62,Konflik Suporter/Olahraga,Rendah
163,2025,"Pada hari Jumat tanggal 2 ojek online dan ojek Agustus 2025 pukul 10.00 WIB s.d Pengkolan dengan pukul 11.40 WIB, bertempat di pimpinan DPRD ruang rapat 1 Gedung DPRD Kabupaten Banyumas Kabupaten Banyumas telah dilaksanakan kegiatan rapat koordinasi penanganan zona merah di Stasiun Besar Purwokerto yang melibatkan ojek online dan ojek Pengkolan dengan pimpinan rapat ketua DPRD Kabupaten Banyumas",,Belum Diketahui,KANDIDAT RECORD BARU dari rekonstruksi (tidak ada di data bersih sebelumnya) -- WAJIB VERIFIKASI ke PDF asli,True,398,59,Driver/Ojol vs Aplikator/Pemerintah,Rendah
164,2025,"Pada hari Jumat, tanggal 29 Mahasiswa dengan Agustus 2025 pukul 20.00 s.d Pemerintah pukul 22.00, di Taman Tesda, Jln. Jenderal Soedirman, Kel. Kranji, Kec. Purwokerto Timur, Kab. Banyumas telah dilaksanakan aksi unjuk rasa 1000 Lilin untuk Korban Tragedi 28 Agustus 2025 oleh kelompok Aksi Kemisan Purwokerto dan BEM Banyumas Raya",,Belum Diketahui,KANDIDAT RECORD BARU dari rekonstruksi (tidak ada di data bersih sebelumnya) -- WAJIB VERIFIKASI ke PDF asli,True,331,50,Mahasiswa vs Pemerintah/Kampus,Sedang
165,2025,"Pada hari Kamis tanggal 25 LSM SAKTI Banyumas November 2025 pukul 10.28 s.d. dengan Pimpinan Bank 11.30 WIB bertempat di Kantor Muamalat Cabang Bank Muamalat Cabang Purwokerto Purwokerto Komplek Ruko Satria Plaza Blok A. 5 Kauman Lama, Jl. Jendral Sudirman Kel. Purwokerto Lor, Kec. Purwokerto Timur, Kab. Banyumas telah dilaksanakan Audiensi dari LSM SAKTI Banyumas dengan Pimpinan Bank Muamalat Cabang Purwokerto",,Belum Diketahui,KANDIDAT RECORD BARU dari rekonstruksi (tidak ada di data bersih sebelumnya) -- WAJIB VERIFIKASI ke PDF asli,True,414,61,Antar Ormas,Rendah
166,2025,"Pada hari Senin tanggal 2 Masyarakat dengan Desember 2025 Pukul 09.30 s.d Pemerintah 12.05 WIB, bertempat di Balai Desa Karangtalun Kidul Kec. Purwojati Kab. Banyumas, telah dilaksanakan kegiatan Penyampaian Aspirasi Warga Masyarakat terkait Penyelewengan Dana oleh Kaur Keuangan Desa Karangtalun Kidul dengan Tema *Jangan Jadikan Desa Kami Sarang Korupsi* An. Ka. Bakesbangpol Kab.Banyumas Kabid Wasnas dan Penkof Hari Prihatmoko, SH Penata Muda Tingkat I (III/d) NIP. 197202261993101001",,Belum Diketahui,KANDIDAT RECORD BARU dari rekonstruksi (tidak ada di data bersih sebelumnya) -- WAJIB VERIFIKASI ke PDF asli,True,488,67,Warga/Masyarakat vs Pemerintah,Sedang
